INSERT INTO `admin` (`EmployeeID`, `FullName`, `PhoneNumber`, `Email` , `Birthday`, `UserName`, `Password`) VALUES (21943, 'EMMA DANIEL', '7638012437', 'emmadaniel@gmail.com', '1980-01-04', 'emmadaniel', MD5('emmadanielpwa'));
INSERT INTO `admin` (`EmployeeID`, `FullName`, `PhoneNumber`, `Email` , `Birthday`, `UserName`, `Password`) VALUES (87929, 'LILLY DARCY', '7579188669', 'lillydarcy@gmail.com', '1968-08-18', 'lillydarcy', MD5('lillydarcypwa'));
INSERT INTO `admin` (`EmployeeID`, `FullName`, `PhoneNumber`, `Email` , `Birthday`, `UserName`, `Password`) VALUES (36481, 'WILLIAM ADAM', '4467299446', 'williamadam@gmail.com', '1991-03-03', 'williamadam', MD5('williamadampwa'));
INSERT INTO `users` (`UserID`, `FullName`, `PhoneNumber`, `Email` , `Birthday`, `UserName`, `Password`) VALUES (4926, 'ESME CALEB', '2767503175', 'esmecaleb@gmail.com', '1951-05-04', 'esmecaleb', MD5('esmecalebpw'));
INSERT INTO `users` (`UserID`, `FullName`, `PhoneNumber`, `Email` , `Birthday`, `UserName`, `Password`) VALUES (57641, 'HOLLY HOLLY', '0450636762', 'hollyholly@gmail.com', '1991-01-23', 'hollyholly', MD5('hollyhollypw'));
INSERT INTO `users` (`UserID`, `FullName`, `PhoneNumber`, `Email` , `Birthday`, `UserName`, `Password`) VALUES (593497, 'JOSHUA IMOGEN', '6259104764', 'joshuaimogen@gmail.com', '1978-06-18', 'joshuaimogen', MD5('joshuaimogenpw'));
INSERT INTO `users` (`UserID`, `FullName`, `PhoneNumber`, `Email` , `Birthday`, `UserName`, `Password`) VALUES (923348, 'ABIGAIL HARPER', '5856501597', 'abigailharper@gmail.com', '1916-09-17', 'abigailharper', MD5('abigailharperpw'));
INSERT INTO `users` (`UserID`, `FullName`, `PhoneNumber`, `Email` , `Birthday`, `UserName`, `Password`) VALUES (738080, 'TYLER AURORA', '2743642562', 'tyleraurora@gmail.com', '1918-06-30', 'tyleraurora', MD5('tyleraurorapw'));
INSERT INTO `users` (`UserID`, `FullName`, `PhoneNumber`, `Email` , `Birthday`, `UserName`, `Password`) VALUES (41499, 'LAYLA EVA', '0354707865', 'laylaeva@gmail.com', '1985-12-15', 'laylaeva', MD5('laylaevapw'));
INSERT INTO `users` (`UserID`, `FullName`, `PhoneNumber`, `Email` , `Birthday`, `UserName`, `Password`) VALUES (78590, 'MOLLY BLAKE', '6689888086', 'mollyblake@gmail.com', '1902-06-11', 'mollyblake', MD5('mollyblakepw'));
INSERT INTO `users` (`UserID`, `FullName`, `PhoneNumber`, `Email` , `Birthday`, `UserName`, `Password`) VALUES (489218, 'TOMMY ELIZA', '1228313509', 'tommyeliza@gmail.com', '1985-06-29', 'tommyeliza', MD5('tommyelizapw'));
INSERT INTO `users` (`UserID`, `FullName`, `PhoneNumber`, `Email` , `Birthday`, `UserName`, `Password`) VALUES (249097, 'LEWIS JAXON', '6876532973', 'lewisjaxon@gmail.com', '1965-08-08', 'lewisjaxon', MD5('lewisjaxonpw'));
INSERT INTO `users` (`UserID`, `FullName`, `PhoneNumber`, `Email` , `Birthday`, `UserName`, `Password`) VALUES (640574, 'HOLLY BOBBY', '1321383949', 'hollybobby@gmail.com', '1932-04-29', 'hollybobby', MD5('hollybobbypw'));
INSERT INTO `users` (`UserID`, `FullName`, `PhoneNumber`, `Email` , `Birthday`, `UserName`, `Password`) VALUES (451493, 'ETHAN JOSEPH', '0554174313', 'ethanjoseph@gmail.com', '1957-11-16', 'ethanjoseph', MD5('ethanjosephpw'));
INSERT INTO `users` (`UserID`, `FullName`, `PhoneNumber`, `Email` , `Birthday`, `UserName`, `Password`) VALUES (728586, 'EMMA OLLIE', '6280131526', 'emmaollie@gmail.com', '1928-06-03', 'emmaollie', MD5('emmaolliepw'));
INSERT INTO `users` (`UserID`, `FullName`, `PhoneNumber`, `Email` , `Birthday`, `UserName`, `Password`) VALUES (429914, 'AURORA DARCY', '5826453834', 'auroradarcy@gmail.com', '1937-04-25', 'auroradarcy', MD5('auroradarcypw'));
INSERT INTO `users` (`UserID`, `FullName`, `PhoneNumber`, `Email` , `Birthday`, `UserName`, `Password`) VALUES (49612, 'ISABELLA HARLEY', '6959173513', 'isabellaharley@gmail.com', '1987-03-20', 'isabellaharley', MD5('isabellaharleypw'));
INSERT INTO `users` (`UserID`, `FullName`, `PhoneNumber`, `Email` , `Birthday`, `UserName`, `Password`) VALUES (799037, 'IRIS LYLA', '6936461717', 'irislyla@gmail.com', '1956-04-26', 'irislyla', MD5('irislylapw'));
INSERT INTO `users` (`UserID`, `FullName`, `PhoneNumber`, `Email` , `Birthday`, `UserName`, `Password`) VALUES (496845, 'JAXON VIOLET', '8308726745', 'jaxonviolet@gmail.com', '1912-11-07', 'jaxonviolet', MD5('jaxonvioletpw'));
INSERT INTO `users` (`UserID`, `FullName`, `PhoneNumber`, `Email` , `Birthday`, `UserName`, `Password`) VALUES (510307, 'KAI ROSIE', '5352892675', 'kairosie@gmail.com', '1923-04-19', 'kairosie', MD5('kairosiepw'));
INSERT INTO `users` (`UserID`, `FullName`, `PhoneNumber`, `Email` , `Birthday`, `UserName`, `Password`) VALUES (909453, 'GEORGIA SEBASTIAN', '7746528359', 'georgiasebastian@gmail.com', '1957-04-29', 'georgiasebastian', MD5('georgiasebastianpw'));
INSERT INTO `users` (`UserID`, `FullName`, `PhoneNumber`, `Email` , `Birthday`, `UserName`, `Password`) VALUES (826758, 'EVIE ROMAN', '0905980873', 'evieroman@gmail.com', '1963-02-05', 'evieroman', MD5('evieromanpw'));
INSERT INTO `users` (`UserID`, `FullName`, `PhoneNumber`, `Email` , `Birthday`, `UserName`, `Password`) VALUES (371949, 'ZOE OLLIE', '9502023890', 'zoeollie@gmail.com', '1949-11-01', 'zoeollie', MD5('zoeolliepw'));
INSERT INTO `authors` (`id`, `AuthorName`, `Birthday`, `Status`) VALUES (1034, 'POPPY AMBER', '1992-09-07', 'Active');
INSERT INTO `authors` (`id`, `AuthorName`, `Birthday`, `Status`) VALUES (9636, 'MARIA AMELIA', '1963-11-24', 'Deceased');
INSERT INTO `authors` (`id`, `AuthorName`, `Birthday`, `Status`) VALUES (7406, 'ELIZABETH ELLA', '1960-06-25', 'Active');
INSERT INTO `authors` (`id`, `AuthorName`, `Birthday`, `Status`) VALUES (4459, 'BLAKE DAISY', '1942-04-07', 'Deceased');
INSERT INTO `authors` (`id`, `AuthorName`, `Birthday`, `Status`) VALUES (8921, 'NIAMH HOLLY', '1911-02-07', 'Active');
INSERT INTO `publishers` (`id`, `publishName`) VALUES (4319349, 'Penguin Random House');
INSERT INTO `publishers` (`id`, `publishName`) VALUES (5419181, 'Hachette Livre');
INSERT INTO `publishers` (`id`, `publishName`) VALUES (4881872, 'HarperCollins');
INSERT INTO `publishers` (`id`, `publishName`) VALUES (8482008, 'Pan Macmillan');
INSERT INTO `publishers` (`id`, `publishName`) VALUES (3037104, 'Pearson Education');
INSERT INTO `publishers` (`id`, `publishName`) VALUES (4425449, 'Oxford University Press');
INSERT INTO `publishers` (`id`, `publishName`) VALUES (3375838, 'Bloomsbury');
INSERT INTO `publishers` (`id`, `publishName`) VALUES (2888085, 'Simon & Schuster');
INSERT INTO `collection` (`id`, `Title`, `GenreID`, `AuthorID`, `PublishID`, `ISBN`, `Price`, `itemType`) VALUES (11121312, 'YOU PLANT HIM', 4, 7406, 4425449, 11121312, 40, 'CD');
INSERT INTO `collection` (`id`, `Title`, `GenreID`, `AuthorID`, `PublishID`, `ISBN`, `Price`, `itemType`) VALUES (16361136, 'THE COMPANY OF HOME', 3, 9636, 5419181, 16361136, 23, 'CD');
INSERT INTO `collection` (`id`, `Title`, `GenreID`, `AuthorID`, `PublishID`, `ISBN`, `Price`, `itemType`) VALUES (63992192, 'ISABELLE HISTORY', 1, 4459, 8482008, 63992192, 80, 'CD');
INSERT INTO `collection` (`id`, `Title`, `GenreID`, `AuthorID`, `PublishID`, `ISBN`, `Price`, `itemType`) VALUES (99395621, 'THEY WRITE US', 1, 8921, 4881872, 99395621, 85, 'CD');
INSERT INTO `collection` (`id`, `Title`, `GenreID`, `AuthorID`, `PublishID`, `ISBN`, `Price`, `itemType`) VALUES (61194857, 'THE LIE OF TRAIN', 1, 4459, 3037104, 61194857, 119, 'Book');
INSERT INTO `collection` (`id`, `Title`, `GenreID`, `AuthorID`, `PublishID`, `ISBN`, `Price`, `itemType`) VALUES (55699680, 'WE CONVERT HOME', 1, 9636, 2888085, 55699680, 142, 'CD');
INSERT INTO `collection` (`id`, `Title`, `GenreID`, `AuthorID`, `PublishID`, `ISBN`, `Price`, `itemType`) VALUES (77374141, 'THE PLANE OF CELLPHONE', 1, 9636, 5419181, 77374141, 108, 'Book');
INSERT INTO `collection` (`id`, `Title`, `GenreID`, `AuthorID`, `PublishID`, `ISBN`, `Price`, `itemType`) VALUES (46397192, 'THE BOX OF STAR', 4, 7406, 2888085, 46397192, 123, 'Blu-ray');
INSERT INTO `collection` (`id`, `Title`, `GenreID`, `AuthorID`, `PublishID`, `ISBN`, `Price`, `itemType`) VALUES (85011158, 'THE BOOK OF STAR', 2, 4459, 4881872, 85011158, 80, 'Blu-ray');
INSERT INTO `collection` (`id`, `Title`, `GenreID`, `AuthorID`, `PublishID`, `ISBN`, `Price`, `itemType`) VALUES (72889888, 'IT CONVERT THEM', 1, 1034, 2888085, 72889888, 142, 'Blu-ray');
INSERT INTO `collection` (`id`, `Title`, `GenreID`, `AuthorID`, `PublishID`, `ISBN`, `Price`, `itemType`) VALUES (34742805, 'SHE PLANT HER', 3, 8921, 4881872, 34742805, 138, 'DVD');
INSERT INTO `collection` (`id`, `Title`, `GenreID`, `AuthorID`, `PublishID`, `ISBN`, `Price`, `itemType`) VALUES (26944104, 'WE LOVE MOVIE', 1, 1034, 5419181, 26944104, 86, 'CD');
INSERT INTO `collection` (`id`, `Title`, `GenreID`, `AuthorID`, `PublishID`, `ISBN`, `Price`, `itemType`) VALUES (50701014, 'I LOOK ME', 1, 8921, 5419181, 50701014, 45, 'CD');
INSERT INTO `collection` (`id`, `Title`, `GenreID`, `AuthorID`, `PublishID`, `ISBN`, `Price`, `itemType`) VALUES (11384390, 'YOU CREATE YOU', 4, 4459, 3375838, 11384390, 169, 'CD');
INSERT INTO `collection` (`id`, `Title`, `GenreID`, `AuthorID`, `PublishID`, `ISBN`, `Price`, `itemType`) VALUES (34968622, 'ALBIE ADVENTURE', 4, 4459, 4881872, 34968622, 185, 'Book');
INSERT INTO `collection` (`id`, `Title`, `GenreID`, `AuthorID`, `PublishID`, `ISBN`, `Price`, `itemType`) VALUES (56938171, 'I CREATE MOVIE', 1, 7406, 4881872, 56938171, 175, 'CD');
INSERT INTO `collection` (`id`, `Title`, `GenreID`, `AuthorID`, `PublishID`, `ISBN`, `Price`, `itemType`) VALUES (94873664, 'WILLIAM TEST', 3, 8921, 3037104, 94873664, 93, 'Book');
INSERT INTO `collection` (`id`, `Title`, `GenreID`, `AuthorID`, `PublishID`, `ISBN`, `Price`, `itemType`) VALUES (778677, 'THE BOX OF PLANE', 4, 1034, 4881872, 778677, 137, 'Blu-ray');
INSERT INTO `collection` (`id`, `Title`, `GenreID`, `AuthorID`, `PublishID`, `ISBN`, `Price`, `itemType`) VALUES (5803916, 'FLORENCE GAME', 3, 1034, 2888085, 5803916, 67, 'Book');
INSERT INTO `collection` (`id`, `Title`, `GenreID`, `AuthorID`, `PublishID`, `ISBN`, `Price`, `itemType`) VALUES (50568253, 'THE BUS OF LIE', 4, 7406, 5419181, 50568253, 59, 'Book');
INSERT INTO `collection` (`id`, `Title`, `GenreID`, `AuthorID`, `PublishID`, `ISBN`, `Price`, `itemType`) VALUES (26603043, 'THEY LOVE BUS', 1, 9636, 4881872, 26603043, 95, 'DVD');
INSERT INTO `collection` (`id`, `Title`, `GenreID`, `AuthorID`, `PublishID`, `ISBN`, `Price`, `itemType`) VALUES (66705813, 'AMELIA TEST', 1, 8921, 8482008, 66705813, 49, 'Book');
INSERT INTO `collection` (`id`, `Title`, `GenreID`, `AuthorID`, `PublishID`, `ISBN`, `Price`, `itemType`) VALUES (22978361, 'THE BOOK OF HOME', 3, 4459, 3375838, 22978361, 186, 'CD');
INSERT INTO `collection` (`id`, `Title`, `GenreID`, `AuthorID`, `PublishID`, `ISBN`, `Price`, `itemType`) VALUES (16264187, 'IT PLANT COMPANY', 1, 9636, 4881872, 16264187, 78, 'CD');
INSERT INTO `collection` (`id`, `Title`, `GenreID`, `AuthorID`, `PublishID`, `ISBN`, `Price`, `itemType`) VALUES (30757696, 'HE EAT CELLPHONE', 4, 7406, 3037104, 30757696, 15, 'Blu-ray');
INSERT INTO `collection` (`id`, `Title`, `GenreID`, `AuthorID`, `PublishID`, `ISBN`, `Price`, `itemType`) VALUES (29660331, 'THEY KNOW SCHOOL', 1, 9636, 2888085, 29660331, 23, 'Book');
INSERT INTO `collection` (`id`, `Title`, `GenreID`, `AuthorID`, `PublishID`, `ISBN`, `Price`, `itemType`) VALUES (89552756, 'SHE WRITE HIM', 2, 8921, 3375838, 89552756, 192, 'DVD');
INSERT INTO `collection` (`id`, `Title`, `GenreID`, `AuthorID`, `PublishID`, `ISBN`, `Price`, `itemType`) VALUES (18946504, 'THE STAR OF STAR', 2, 4459, 4319349, 18946504, 156, 'Blu-ray');
INSERT INTO `collection` (`id`, `Title`, `GenreID`, `AuthorID`, `PublishID`, `ISBN`, `Price`, `itemType`) VALUES (25494899, 'I SEARCH ME', 3, 8921, 3375838, 25494899, 162, 'Book');
INSERT INTO `collection` (`id`, `Title`, `GenreID`, `AuthorID`, `PublishID`, `ISBN`, `Price`, `itemType`) VALUES (93824652, 'IT DELETE HER', 1, 8921, 2888085, 93824652, 125, 'Book');
INSERT INTO `collection` (`id`, `Title`, `GenreID`, `AuthorID`, `PublishID`, `ISBN`, `Price`, `itemType`) VALUES (10727706, 'YOU WRITE US', 2, 1034, 3375838, 10727706, 140, 'DVD');
INSERT INTO `collection` (`id`, `Title`, `GenreID`, `AuthorID`, `PublishID`, `ISBN`, `Price`, `itemType`) VALUES (54140288, 'ROSE TEST', 4, 9636, 5419181, 54140288, 168, 'Blu-ray');
INSERT INTO `collection` (`id`, `Title`, `GenreID`, `AuthorID`, `PublishID`, `ISBN`, `Price`, `itemType`) VALUES (1050118, 'WE KILL YOU', 2, 4459, 4881872, 1050118, 28, 'Book');
INSERT INTO `collection` (`id`, `Title`, `GenreID`, `AuthorID`, `PublishID`, `ISBN`, `Price`, `itemType`) VALUES (75849712, 'HE KNOW ME', 3, 4459, 4425449, 75849712, 11, 'Book');
INSERT INTO `collection` (`id`, `Title`, `GenreID`, `AuthorID`, `PublishID`, `ISBN`, `Price`, `itemType`) VALUES (55135549, 'ELLIOTT GAME', 4, 7406, 2888085, 55135549, 112, 'DVD');
INSERT INTO `collection` (`id`, `Title`, `GenreID`, `AuthorID`, `PublishID`, `ISBN`, `Price`, `itemType`) VALUES (15145406, 'THE CELLPHONE OF BOX', 4, 7406, 4425449, 15145406, 122, 'Book');
INSERT INTO `collection` (`id`, `Title`, `GenreID`, `AuthorID`, `PublishID`, `ISBN`, `Price`, `itemType`) VALUES (49180326, 'THE HOUSE OF SCHOOL', 3, 7406, 4425449, 49180326, 59, 'CD');
INSERT INTO `collection` (`id`, `Title`, `GenreID`, `AuthorID`, `PublishID`, `ISBN`, `Price`, `itemType`) VALUES (15441502, 'HE SEARCH COMPANY', 2, 7406, 4881872, 15441502, 128, 'CD');
INSERT INTO `collection` (`id`, `Title`, `GenreID`, `AuthorID`, `PublishID`, `ISBN`, `Price`, `itemType`) VALUES (98753359, 'THE COMPANY OF HOME', 3, 4459, 3375838, 98753359, 88, 'Blu-ray');
INSERT INTO `collection` (`id`, `Title`, `GenreID`, `AuthorID`, `PublishID`, `ISBN`, `Price`, `itemType`) VALUES (30273944, 'HE DELETE IT', 1, 4459, 4425449, 30273944, 93, 'DVD');
INSERT INTO `rent` (`ISBN`, `CollectionID`, `UserID`, `rentDate`, `returnDate`, `overdue`) VALUES (89552756, 89552756, 738080, '2019-04-28', '2019-05-28', 0);
INSERT INTO `rent` (`ISBN`, `CollectionID`, `UserID`, `rentDate`, `returnDate`, `overdue`) VALUES (50568253, 50568253, 429914, '2019-03-21', '2019-04-20', 0);
INSERT INTO `rent` (`ISBN`, `CollectionID`, `UserID`, `rentDate`, `returnDate`, `overdue`) VALUES (94873664, 94873664, 799037, '2019-04-25', '2019-05-25', 0);
INSERT INTO `rent` (`ISBN`, `CollectionID`, `UserID`, `rentDate`, `returnDate`, `overdue`) VALUES (77374141, 77374141, 496845, '2019-04-20', '2019-05-20', 0);
INSERT INTO `rent` (`ISBN`, `CollectionID`, `UserID`, `rentDate`, `returnDate`, `overdue`) VALUES (15441502, 15441502, 78590, '2019-03-16', '2019-04-15', 0);
INSERT INTO `rent` (`ISBN`, `CollectionID`, `UserID`, `rentDate`, `returnDate`, `overdue`) VALUES (93824652, 93824652, 371949, '2019-04-11', '2019-05-11', 0);
INSERT INTO `rent` (`ISBN`, `CollectionID`, `UserID`, `rentDate`, `returnDate`, `overdue`) VALUES (49180326, 49180326, 510307, '2019-03-23', '2019-04-22', 0);
INSERT INTO `rent` (`ISBN`, `CollectionID`, `UserID`, `rentDate`, `returnDate`, `overdue`) VALUES (55135549, 55135549, 728586, '2019-03-10', '2019-04-09', 4);
INSERT INTO `rent` (`ISBN`, `CollectionID`, `UserID`, `rentDate`, `returnDate`, `overdue`) VALUES (26603043, 26603043, 799037, '2019-04-01', '2019-05-01', 0);
INSERT INTO `rent` (`ISBN`, `CollectionID`, `UserID`, `rentDate`, `returnDate`, `overdue`) VALUES (55699680, 55699680, 371949, '2019-03-22', '2019-04-21', 0);
INSERT INTO `rent` (`ISBN`, `CollectionID`, `UserID`, `rentDate`, `returnDate`, `overdue`) VALUES (26944104, 26944104, 49612, '2019-04-16', '2019-05-16', 0);
INSERT INTO `rent` (`ISBN`, `CollectionID`, `UserID`, `rentDate`, `returnDate`, `overdue`) VALUES (61194857, 61194857, 510307, '2019-03-25', '2019-04-24', 0);
INSERT INTO `rent` (`ISBN`, `CollectionID`, `UserID`, `rentDate`, `returnDate`, `overdue`) VALUES (26603043, 26603043, 593497, '2019-03-20', '2019-04-19', 0);
INSERT INTO `rent` (`ISBN`, `CollectionID`, `UserID`, `rentDate`, `returnDate`, `overdue`) VALUES (55699680, 55699680, 510307, '2019-03-20', '2019-04-19', 0);
INSERT INTO `rent` (`ISBN`, `CollectionID`, `UserID`, `rentDate`, `returnDate`, `overdue`) VALUES (55135549, 55135549, 489218, '2019-04-23', '2019-05-23', 0);
INSERT INTO `rent` (`ISBN`, `CollectionID`, `UserID`, `rentDate`, `returnDate`, `overdue`) VALUES (30757696, 30757696, 371949, '2019-04-06', '2019-05-06', 0);
INSERT INTO `rent` (`ISBN`, `CollectionID`, `UserID`, `rentDate`, `returnDate`, `overdue`) VALUES (49180326, 49180326, 371949, '2019-04-16', '2019-05-16', 0);
INSERT INTO `rent` (`ISBN`, `CollectionID`, `UserID`, `rentDate`, `returnDate`, `overdue`) VALUES (5803916, 5803916, 826758, '2019-03-08', '2019-04-07', 6);
INSERT INTO `rent` (`ISBN`, `CollectionID`, `UserID`, `rentDate`, `returnDate`, `overdue`) VALUES (26603043, 26603043, 4926, '2019-03-30', '2019-04-29', 0);
INSERT INTO `rent` (`ISBN`, `CollectionID`, `UserID`, `rentDate`, `returnDate`, `overdue`) VALUES (11384390, 11384390, 909453, '2019-03-01', '2019-03-31', 13);
INSERT INTO `library` (`address`, `lName`) VALUES ('10 Ave, NE, Calgary', '10 Ave Public Library');
INSERT INTO `library` (`address`, `lName`) VALUES ('40 Ave, SE, Calgary', '40 Ave Public Library');
INSERT INTO `library` (`address`, `lName`) VALUES ('36 Ave, SE, Calgary', '36 Ave Public Library');
INSERT INTO `library` (`address`, `lName`) VALUES ('20 Ave, SW, Calgary', '20 Ave Public Library');
INSERT INTO `library` (`address`, `lName`) VALUES ('27 Ave, SE, Calgary', '27 Ave Public Library');
INSERT INTO `library` (`address`, `lName`) VALUES ('19 Ave, NE, Calgary', '19 Ave Public Library');
INSERT INTO `library` (`address`, `lName`) VALUES ('29 Ave, SE, Calgary', '29 Ave Public Library');
INSERT INTO `library` (`address`, `lName`) VALUES ('17 Ave, SE, Calgary', '17 Ave Public Library');
INSERT INTO `library` (`address`, `lName`) VALUES ('12 Ave, NE, Calgary', '12 Ave Public Library');
INSERT INTO `library` (`address`, `lName`) VALUES ('6 Ave, SW, Calgary', '6 Ave Public Library');
INSERT INTO `event` (`eLocation`, `startTime`, `endTime`, `eName`, `description`) VALUES ('27 Ave Public Library', '2019-05-05 10:01:00', '2019-05-05 11:56:00', 'DAIRY EVENT', 'This is test event 0');
INSERT INTO `register` (`UserID`, `eLocation`, `startTime`, `endTime`, `eName`) VALUES (78590, '27 Ave Public Library', '2019-05-05 10:01:00', '2019-05-05 11:56:00', 'DAIRY EVENT');
INSERT INTO `register` (`UserID`, `eLocation`, `startTime`, `endTime`, `eName`) VALUES (728586, '27 Ave Public Library', '2019-05-05 10:01:00', '2019-05-05 11:56:00', 'DAIRY EVENT');
INSERT INTO `event` (`eLocation`, `startTime`, `endTime`, `eName`, `description`) VALUES ('12 Ave Public Library', '2019-05-14 11:52:00', '2019-05-14 13:49:00', 'GAME EVENT', 'This is test event 1');
INSERT INTO `register` (`UserID`, `eLocation`, `startTime`, `endTime`, `eName`) VALUES (799037, '12 Ave Public Library', '2019-05-14 11:52:00', '2019-05-14 13:49:00', 'GAME EVENT');
INSERT INTO `register` (`UserID`, `eLocation`, `startTime`, `endTime`, `eName`) VALUES (78590, '12 Ave Public Library', '2019-05-14 11:52:00', '2019-05-14 13:49:00', 'GAME EVENT');
INSERT INTO `register` (`UserID`, `eLocation`, `startTime`, `endTime`, `eName`) VALUES (593497, '12 Ave Public Library', '2019-05-14 11:52:00', '2019-05-14 13:49:00', 'GAME EVENT');
INSERT INTO `register` (`UserID`, `eLocation`, `startTime`, `endTime`, `eName`) VALUES (826758, '12 Ave Public Library', '2019-05-14 11:52:00', '2019-05-14 13:49:00', 'GAME EVENT');
INSERT INTO `register` (`UserID`, `eLocation`, `startTime`, `endTime`, `eName`) VALUES (429914, '12 Ave Public Library', '2019-05-14 11:52:00', '2019-05-14 13:49:00', 'GAME EVENT');
INSERT INTO `register` (`UserID`, `eLocation`, `startTime`, `endTime`, `eName`) VALUES (49612, '12 Ave Public Library', '2019-05-14 11:52:00', '2019-05-14 13:49:00', 'GAME EVENT');
INSERT INTO `register` (`UserID`, `eLocation`, `startTime`, `endTime`, `eName`) VALUES (371949, '12 Ave Public Library', '2019-05-14 11:52:00', '2019-05-14 13:49:00', 'GAME EVENT');
INSERT INTO `register` (`UserID`, `eLocation`, `startTime`, `endTime`, `eName`) VALUES (496845, '12 Ave Public Library', '2019-05-14 11:52:00', '2019-05-14 13:49:00', 'GAME EVENT');
INSERT INTO `register` (`UserID`, `eLocation`, `startTime`, `endTime`, `eName`) VALUES (923348, '12 Ave Public Library', '2019-05-14 11:52:00', '2019-05-14 13:49:00', 'GAME EVENT');
INSERT INTO `register` (`UserID`, `eLocation`, `startTime`, `endTime`, `eName`) VALUES (909453, '12 Ave Public Library', '2019-05-14 11:52:00', '2019-05-14 13:49:00', 'GAME EVENT');
INSERT INTO `event` (`eLocation`, `startTime`, `endTime`, `eName`, `description`) VALUES ('29 Ave Public Library', '2019-06-07 14:51:00', '2019-06-07 17:32:00', 'MOVIE EVENT', 'This is test event 2');
INSERT INTO `event` (`eLocation`, `startTime`, `endTime`, `eName`, `description`) VALUES ('10 Ave Public Library', '2019-04-16 12:41:00', '2019-04-16 14:27:00', 'PEOPLE EVENT', 'This is test event 3');
INSERT INTO `register` (`UserID`, `eLocation`, `startTime`, `endTime`, `eName`) VALUES (451493, '10 Ave Public Library', '2019-04-16 12:41:00', '2019-04-16 14:27:00', 'PEOPLE EVENT');
INSERT INTO `register` (`UserID`, `eLocation`, `startTime`, `endTime`, `eName`) VALUES (640574, '10 Ave Public Library', '2019-04-16 12:41:00', '2019-04-16 14:27:00', 'PEOPLE EVENT');
INSERT INTO `register` (`UserID`, `eLocation`, `startTime`, `endTime`, `eName`) VALUES (429914, '10 Ave Public Library', '2019-04-16 12:41:00', '2019-04-16 14:27:00', 'PEOPLE EVENT');
INSERT INTO `register` (`UserID`, `eLocation`, `startTime`, `endTime`, `eName`) VALUES (738080, '10 Ave Public Library', '2019-04-16 12:41:00', '2019-04-16 14:27:00', 'PEOPLE EVENT');
INSERT INTO `event` (`eLocation`, `startTime`, `endTime`, `eName`, `description`) VALUES ('20 Ave Public Library', '2019-06-10 13:22:00', '2019-06-10 14:20:00', 'SCHOOL EVENT', 'This is test event 4');
INSERT INTO `register` (`UserID`, `eLocation`, `startTime`, `endTime`, `eName`) VALUES (738080, '20 Ave Public Library', '2019-06-10 13:22:00', '2019-06-10 14:20:00', 'SCHOOL EVENT');
INSERT INTO `register` (`UserID`, `eLocation`, `startTime`, `endTime`, `eName`) VALUES (728586, '20 Ave Public Library', '2019-06-10 13:22:00', '2019-06-10 14:20:00', 'SCHOOL EVENT');
INSERT INTO `event` (`eLocation`, `startTime`, `endTime`, `eName`, `description`) VALUES ('40 Ave Public Library', '2019-06-16 12:28:00', '2019-06-16 12:51:00', 'BOOK EVENT', 'This is test event 5');
INSERT INTO `register` (`UserID`, `eLocation`, `startTime`, `endTime`, `eName`) VALUES (489218, '40 Ave Public Library', '2019-06-16 12:28:00', '2019-06-16 12:51:00', 'BOOK EVENT');
INSERT INTO `register` (`UserID`, `eLocation`, `startTime`, `endTime`, `eName`) VALUES (451493, '40 Ave Public Library', '2019-06-16 12:28:00', '2019-06-16 12:51:00', 'BOOK EVENT');
INSERT INTO `register` (`UserID`, `eLocation`, `startTime`, `endTime`, `eName`) VALUES (826758, '40 Ave Public Library', '2019-06-16 12:28:00', '2019-06-16 12:51:00', 'BOOK EVENT');
INSERT INTO `register` (`UserID`, `eLocation`, `startTime`, `endTime`, `eName`) VALUES (249097, '40 Ave Public Library', '2019-06-16 12:28:00', '2019-06-16 12:51:00', 'BOOK EVENT');
INSERT INTO `register` (`UserID`, `eLocation`, `startTime`, `endTime`, `eName`) VALUES (429914, '40 Ave Public Library', '2019-06-16 12:28:00', '2019-06-16 12:51:00', 'BOOK EVENT');
INSERT INTO `register` (`UserID`, `eLocation`, `startTime`, `endTime`, `eName`) VALUES (799037, '40 Ave Public Library', '2019-06-16 12:28:00', '2019-06-16 12:51:00', 'BOOK EVENT');
INSERT INTO `event` (`eLocation`, `startTime`, `endTime`, `eName`, `description`) VALUES ('29 Ave Public Library', '2019-05-20 12:30:00', '2019-05-20 13:09:00', 'MOVIE EVENT', 'This is test event 6');
INSERT INTO `event` (`eLocation`, `startTime`, `endTime`, `eName`, `description`) VALUES ('29 Ave Public Library', '2019-05-01 14:35:00', '2019-05-01 15:29:00', 'BOX EVENT', 'This is test event 7');
INSERT INTO `register` (`UserID`, `eLocation`, `startTime`, `endTime`, `eName`) VALUES (57641, '29 Ave Public Library', '2019-05-01 14:35:00', '2019-05-01 15:29:00', 'BOX EVENT');
INSERT INTO `register` (`UserID`, `eLocation`, `startTime`, `endTime`, `eName`) VALUES (49612, '29 Ave Public Library', '2019-05-01 14:35:00', '2019-05-01 15:29:00', 'BOX EVENT');
INSERT INTO `register` (`UserID`, `eLocation`, `startTime`, `endTime`, `eName`) VALUES (41499, '29 Ave Public Library', '2019-05-01 14:35:00', '2019-05-01 15:29:00', 'BOX EVENT');
INSERT INTO `event` (`eLocation`, `startTime`, `endTime`, `eName`, `description`) VALUES ('36 Ave Public Library', '2019-06-21 14:35:00', '2019-06-21 16:36:00', 'ADVENTURE EVENT', 'This is test event 8');
INSERT INTO `register` (`UserID`, `eLocation`, `startTime`, `endTime`, `eName`) VALUES (451493, '36 Ave Public Library', '2019-06-21 14:35:00', '2019-06-21 16:36:00', 'ADVENTURE EVENT');
INSERT INTO `register` (`UserID`, `eLocation`, `startTime`, `endTime`, `eName`) VALUES (49612, '36 Ave Public Library', '2019-06-21 14:35:00', '2019-06-21 16:36:00', 'ADVENTURE EVENT');
INSERT INTO `register` (`UserID`, `eLocation`, `startTime`, `endTime`, `eName`) VALUES (640574, '36 Ave Public Library', '2019-06-21 14:35:00', '2019-06-21 16:36:00', 'ADVENTURE EVENT');
INSERT INTO `event` (`eLocation`, `startTime`, `endTime`, `eName`, `description`) VALUES ('20 Ave Public Library', '2019-06-09 11:08:00', '2019-06-09 12:57:00', 'COMPANY EVENT', 'This is test event 9');
INSERT INTO `register` (`UserID`, `eLocation`, `startTime`, `endTime`, `eName`) VALUES (57641, '20 Ave Public Library', '2019-06-09 11:08:00', '2019-06-09 12:57:00', 'COMPANY EVENT');
INSERT INTO `register` (`UserID`, `eLocation`, `startTime`, `endTime`, `eName`) VALUES (923348, '20 Ave Public Library', '2019-06-09 11:08:00', '2019-06-09 12:57:00', 'COMPANY EVENT');
INSERT INTO `register` (`UserID`, `eLocation`, `startTime`, `endTime`, `eName`) VALUES (593497, '20 Ave Public Library', '2019-06-09 11:08:00', '2019-06-09 12:57:00', 'COMPANY EVENT');
INSERT INTO `register` (`UserID`, `eLocation`, `startTime`, `endTime`, `eName`) VALUES (249097, '20 Ave Public Library', '2019-06-09 11:08:00', '2019-06-09 12:57:00', 'COMPANY EVENT');
INSERT INTO `register` (`UserID`, `eLocation`, `startTime`, `endTime`, `eName`) VALUES (496845, '20 Ave Public Library', '2019-06-09 11:08:00', '2019-06-09 12:57:00', 'COMPANY EVENT');
INSERT INTO `register` (`UserID`, `eLocation`, `startTime`, `endTime`, `eName`) VALUES (799037, '20 Ave Public Library', '2019-06-09 11:08:00', '2019-06-09 12:57:00', 'COMPANY EVENT');
INSERT INTO `register` (`UserID`, `eLocation`, `startTime`, `endTime`, `eName`) VALUES (510307, '20 Ave Public Library', '2019-06-09 11:08:00', '2019-06-09 12:57:00', 'COMPANY EVENT');
INSERT INTO `register` (`UserID`, `eLocation`, `startTime`, `endTime`, `eName`) VALUES (78590, '20 Ave Public Library', '2019-06-09 11:08:00', '2019-06-09 12:57:00', 'COMPANY EVENT');
INSERT INTO `register` (`UserID`, `eLocation`, `startTime`, `endTime`, `eName`) VALUES (49612, '20 Ave Public Library', '2019-06-09 11:08:00', '2019-06-09 12:57:00', 'COMPANY EVENT');
INSERT INTO `register` (`UserID`, `eLocation`, `startTime`, `endTime`, `eName`) VALUES (489218, '20 Ave Public Library', '2019-06-09 11:08:00', '2019-06-09 12:57:00', 'COMPANY EVENT');
